Workbook

Sheet Evaluacion
A1: FICHA DE JUGADOR - EVALUACION DE CAPACIDADES
A2: Escala: 1 Requiere desarrollar | 2 En desarrollo | 3 Nivel esperado | 4 Nivel destacado | 5 Fortaleza consolidada
C3: Dominio de su funcion | F3: Analisis y resolucion | I3: Ejecucion y organizacion | L3: Comunicacion y trabajo en equipo | O3: Iniciativa y desarrollo
A4: Colaborador | B4: Area / Perfil | C4: P1 | D4: P2 | E4: P3 | F4: P4 | G4: P5 | H4: P6 | I4: P7 | J4: P8 | K4: P9 | L4: P10 | M4: P11 | N4: P12 | O4: P13 | P4: P14 | Q4: P15 | R4: Dominio de su funcion | S4: Analisis y resolucion | T4: Ejecucion y organizacion | U4: Comunicacion y trabajo en equipo | V4: Iniciativa y desarrollo | W4: Puntaje final | X4: Nivel final
C5: Demuestra conocimiento y seguridad en las funciones propias de su puesto. | D5: Comprende los procesos en los que participa y como se relacionan con otras areas. | E5: Aplica correctamente sus conocimientos en las situaciones del dia a dia. | F5: Identifica con claridad los problemas o situaciones que requieren atencion. | G5: Analiza antes de actuar y propone alternativas de solucion. | H5: Resuelve situaciones con criterio sin depender siempre de otras personas. | I5: Cumple los compromisos y responsabilidades que asume. | J5: Organiza adecuadamente sus prioridades y tiempos de trabajo. | K5: Realiza seguimiento hasta completar sus pendientes o entregables. | L5: Comunica la informacion de forma clara y oportuna. | M5: Se coordina adecuadamente con sus compañeros y otras areas. | N5: Escucha, acepta diferentes puntos de vista y aporta al trabajo en equipo. | O5: Toma iniciativa sin esperar constantemente indicaciones. | P5: Se anticipa a necesidades, dificultades u oportunidades. | Q5: Muestra disposicion para aprender, mejorar y asumir nuevos retos.
A6: Valeria Rodriguez | B6: Soporte | C6: 5 | D6: 3 | E6: 3 | F6: 4 | G6: 4 | H6: 4 | I6: 5 | J6: 4 | K6: 4 | L6: 4 | M6: 4 | N6: 5 | O6: 4 | P6: 4 | Q6: 5 | R6: =IF(COUNT(C6:E6)=0,"",AVERAGE(C6:E6)) -> 3.6666667 | S6: =IF(COUNT(F6:H6)=0,"",AVERAGE(F6:H6)) -> 4 | T6: =IF(COUNT(I6:K6)=0,"",AVERAGE(I6:K6)) -> 4.3333333 | U6: =IF(COUNT(L6:N6)=0,"",AVERAGE(L6:N6)) -> 4.3333333 | V6: =IF(COUNT(O6:Q6)=0,"",AVERAGE(O6:Q6)) -> 4.3333333 | W6: =IF(COUNT(R6:V6)=0,"",AVERAGE(R6:V6)) -> 4.1333333 | X6: =IF(W6="","",IF(W6<1.5,"Requiere desarrollar",IF(W6<2.5,"En desarrollo",IF(W6<3.5,"Nivel esperado",IF(W6<4.5,"Nivel destacado","Fortaleza consolidada"))))) -> Nivel destacado
A7: Jesus Chavez | B7: Arquitectura | C7: 4 | D7: 4 | E7: 5 | F7: 4 | G7: 4 | H7: 4 | I7: 5 | J7: 4 | K7: 4 | L7: 4 | M7: 5 | N7: 5 | O7: 4 | P7: 4 | Q7: 5 | R7: =IF(COUNT(C7:E7)=0,"",AVERAGE(C7:E7)) -> 4.3333333 | S7: =IF(COUNT(F7:H7)=0,"",AVERAGE(F7:H7)) -> 4 | T7: =IF(COUNT(I7:K7)=0,"",AVERAGE(I7:K7)) -> 4.3333333 | U7: =IF(COUNT(L7:N7)=0,"",AVERAGE(L7:N7)) -> 4.6666667 | V7: =IF(COUNT(O7:Q7)=0,"",AVERAGE(O7:Q7)) -> 4.3333333 | W7: =IF(COUNT(R7:V7)=0,"",AVERAGE(R7:V7)) -> 4.3333333 | X7: =IF(W7="","",IF(W7<1.5,"Requiere desarrollar",IF(W7<2.5,"En desarrollo",IF(W7<3.5,"Nivel esperado",IF(W7<4.5,"Nivel destacado","Fortaleza consolidada"))))) -> Nivel destacado
A8: Diego Morales | B8: Arquitectura | C8: 4 | D8: 5 | E8: 4 | F8: 4 | G8: 4 | H8: 3 | I8: 4 | J8: 3 | K8: 4 | L8: 3 | M8: 4 | N8: 4 | O8: 4 | P8: 4 | Q8: 4 | R8: =IF(COUNT(C8:E8)=0,"",AVERAGE(C8:E8)) -> 4.3333333 | S8: =IF(COUNT(F8:H8)=0,"",AVERAGE(F8:H8)) -> 3.6666667 | T8: =IF(COUNT(I8:K8)=0,"",AVERAGE(I8:K8)) -> 3.6666667 | U8: =IF(COUNT(L8:N8)=0,"",AVERAGE(L8:N8)) -> 3.6666667 | V8: =IF(COUNT(O8:Q8)=0,"",AVERAGE(O8:Q8)) -> 4 | W8: =IF(COUNT(R8:V8)=0,"",AVERAGE(R8:V8)) -> 3.8666667 | X8: =IF(W8="","",IF(W8<1.5,"Requiere desarrollar",IF(W8<2.5,"En desarrollo",IF(W8<3.5,"Nivel esperado",IF(W8<4.5,"Nivel destacado","Fortaleza consolidada"))))) -> Nivel destacado
A9: Piero Añanca | B9: Arquitectura | C9: 4 | D9: 4 | E9: 5 | F9: 3 | G9: 3 | H9: 3 | I9: 4 | J9: 3 | K9: 3 | L9: 3 | M9: 4 | N9: 3 | O9: 3 | P9: 3 | Q9: 4 | R9: =IF(COUNT(C9:E9)=0,"",AVERAGE(C9:E9)) -> 4.3333333 | S9: =IF(COUNT(F9:H9)=0,"",AVERAGE(F9:H9)) -> 3 | T9: =IF(COUNT(I9:K9)=0,"",AVERAGE(I9:K9)) -> 3.3333333 | U9: =IF(COUNT(L9:N9)=0,"",AVERAGE(L9:N9)) -> 3.3333333 | V9: =IF(COUNT(O9:Q9)=0,"",AVERAGE(O9:Q9)) -> 3.3333333 | W9: =IF(COUNT(R9:V9)=0,"",AVERAGE(R9:V9)) -> 3.4666667 | X9: =IF(W9="","",IF(W9<1.5,"Requiere desarrollar",IF(W9<2.5,"En desarrollo",IF(W9<3.5,"Nivel esperado",IF(W9<4.5,"Nivel destacado","Fortaleza consolidada"))))) -> Nivel esperado
A10: Tiffany Ollero | B10: Arquitectura | C10: 4 | D10: 5 | E10: 4 | F10: 4 | G10: 3 | H10: 3 | I10: 4 | J10: 2 | K10: 3 | L10: 3 | M10: 4 | N10: 3 | O10: 4 | P10: 3 | Q10: 4 | R10: =IF(COUNT(C10:E10)=0,"",AVERAGE(C10:E10)) -> 4.3333333 | S10: =IF(COUNT(F10:H10)=0,"",AVERAGE(F10:H10)) -> 3.3333333 | T10: =IF(COUNT(I10:K10)=0,"",AVERAGE(I10:K10)) -> 3 | U10: =IF(COUNT(L10:N10)=0,"",AVERAGE(L10:N10)) -> 3.3333333 | V10: =IF(COUNT(O10:Q10)=0,"",AVERAGE(O10:Q10)) -> 3.6666667 | W10: =IF(COUNT(R10:V10)=0,"",AVERAGE(R10:V10)) -> 3.5333333 | X10: =IF(W10="","",IF(W10<1.5,"Requiere desarrollar",IF(W10<2.5,"En desarrollo",IF(W10<3.5,"Nivel esperado",IF(W10<4.5,"Nivel destacado","Fortaleza consolidada"))))) -> Nivel destacado
A11: Lizeth Arevalo | B11: Arquitectura | C11: 3 | D11: 4 | E11: 4 | F11: 3 | G11: 2 | H11: 3 | I11: 4 | J11: 3 | K11: 4 | L11: 2 | M11: 4 | N11: 3 | O11: 4 | P11: 3 | Q11: 3 | R11: =IF(COUNT(C11:E11)=0,"",AVERAGE(C11:E11)) -> 3.6666667 | S11: =IF(COUNT(F11:H11)=0,"",AVERAGE(F11:H11)) -> 2.6666667 | T11: =IF(COUNT(I11:K11)=0,"",AVERAGE(I11:K11)) -> 3.6666667 | U11: =IF(COUNT(L11:N11)=0,"",AVERAGE(L11:N11)) -> 3 | V11: =IF(COUNT(O11:Q11)=0,"",AVERAGE(O11:Q11)) -> 3.3333333 | W11: =IF(COUNT(R11:V11)=0,"",AVERAGE(R11:V11)) -> 3.2666667 | X11: =IF(W11="","",IF(W11<1.5,"Requiere desarrollar",IF(W11<2.5,"En desarrollo",IF(W11<3.5,"Nivel esperado",IF(W11<4.5,"Nivel destacado","Fortaleza consolidada"))))) -> Nivel esperado
A12: Jhon Rojas | B12: Ejecutivo comercial | C12: 4 | D12: 3 | E12: 4 | F12: 4 | G12: 4 | H12: 4 | I12: 3 | J12: 3 | K12: 3 | L12: 3 | M12: 3 | N12: 4 | O12: 4 | P12: 4 | Q12: 3 | R12: =IF(COUNT(C12:E12)=0,"",AVERAGE(C12:E12)) -> 3.6666667 | S12: =IF(COUNT(F12:H12)=0,"",AVERAGE(F12:H12)) -> 4 | T12: =IF(COUNT(I12:K12)=0,"",AVERAGE(I12:K12)) -> 3 | U12: =IF(COUNT(L12:N12)=0,"",AVERAGE(L12:N12)) -> 3.3333333 | V12: =IF(COUNT(O12:Q12)=0,"",AVERAGE(O12:Q12)) -> 3.6666667 | W12: =IF(COUNT(R12:V12)=0,"",AVERAGE(R12:V12)) -> 3.5333333 | X12: =IF(W12="","",IF(W12<1.5,"Requiere desarrollar",IF(W12<2.5,"En desarrollo",IF(W12<3.5,"Nivel esperado",IF(W12<4.5,"Nivel destacado","Fortaleza consolidada"))))) -> Nivel destacado
A13: Hugo Escobar | B13: Ejecutivo comercial | C13: 3 | D13: 4 | E13: 3 | F13: 4 | G13: 3 | H13: 3 | I13: 3 | J13: 3 | K13: 3 | L13: 2 | M13: 2 | N13: 4 | O13: 4 | P13: 4 | Q13: 3 | R13: =IF(COUNT(C13:E13)=0,"",AVERAGE(C13:E13)) -> 3.3333333 | S13: =IF(COUNT(F13:H13)=0,"",AVERAGE(F13:H13)) -> 3.3333333 | T13: =IF(COUNT(I13:K13)=0,"",AVERAGE(I13:K13)) -> 3 | U13: =IF(COUNT(L13:N13)=0,"",AVERAGE(L13:N13)) -> 2.6666667 | V13: =IF(COUNT(O13:Q13)=0,"",AVERAGE(O13:Q13)) -> 3.6666667 | W13: =IF(COUNT(R13:V13)=0,"",AVERAGE(R13:V13)) -> 3.2 | X13: =IF(W13="","",IF(W13<1.5,"Requiere desarrollar",IF(W13<2.5,"En desarrollo",IF(W13<3.5,"Nivel esperado",IF(W13<4.5,"Nivel destacado","Fortaleza consolidada"))))) -> Nivel esperado
A14: Victor Ramirez | B14: Ejecutivo comercial | C14: 3 | D14: 3 | E14: 4 | F14: 4 | G14: 4 | H14: 4 | I14: 3 | J14: 3 | K14: 2 | L14: 2 | M14: 2 | N14: 4 | O14: 4 | P14: 4 | Q14: 3 | R14: =IF(COUNT(C14:E14)=0,"",AVERAGE(C14:E14)) -> 3.3333333 | S14: =IF(COUNT(F14:H14)=0,"",AVERAGE(F14:H14)) -> 4 | T14: =IF(COUNT(I14:K14)=0,"",AVERAGE(I14:K14)) -> 2.6666667 | U14: =IF(COUNT(L14:N14)=0,"",AVERAGE(L14:N14)) -> 2.6666667 | V14: =IF(COUNT(O14:Q14)=0,"",AVERAGE(O14:Q14)) -> 3.6666667 | W14: =IF(COUNT(R14:V14)=0,"",AVERAGE(R14:V14)) -> 3.2666667 | X14: =IF(W14="","",IF(W14<1.5,"Requiere desarrollar",IF(W14<2.5,"En desarrollo",IF(W14<3.5,"Nivel esperado",IF(W14<4.5,"Nivel destacado","Fortaleza consolidada"))))) -> Nivel esperado
A17: Interpretacion sugerida: el puntaje final es el promedio simple de las 5 dimensiones. Cada dimension es el promedio de sus 3 criterios.

Sheet Resultados
A1: RESUMEN - FICHA DE JUGADOR
A3: Colaborador | B3: Area / Perfil | C3: Dominio | D3: Analisis | E3: Ejecucion | F3: Comunicacion | G3: Iniciativa | H3: Puntaje final | I3: Nivel final
A4: =Evaluacion!A6 -> Valeria Rodriguez | B4: =Evaluacion!B6 -> Soporte | C4: =Evaluacion!R6 -> 3.6666667 | D4: =Evaluacion!S6 -> 4 | E4: =Evaluacion!T6 -> 4.3333333 | F4: =Evaluacion!U6 -> 4.3333333 | G4: =Evaluacion!V6 -> 4.3333333 | H4: =Evaluacion!W6 -> 4.1333333 | I4: =Evaluacion!X6 -> Nivel destacado
A5: =Evaluacion!A7 -> Jesus Chavez | B5: =Evaluacion!B7 -> Arquitectura | C5: =Evaluacion!R7 -> 4.3333333 | D5: =Evaluacion!S7 -> 4 | E5: =Evaluacion!T7 -> 4.3333333 | F5: =Evaluacion!U7 -> 4.6666667 | G5: =Evaluacion!V7 -> 4.3333333 | H5: =Evaluacion!W7 -> 4.3333333 | I5: =Evaluacion!X7 -> Nivel destacado
A6: =Evaluacion!A8 -> Diego Morales | B6: =Evaluacion!B8 -> Arquitectura | C6: =Evaluacion!R8 -> 4.3333333 | D6: =Evaluacion!S8 -> 3.6666667 | E6: =Evaluacion!T8 -> 3.6666667 | F6: =Evaluacion!U8 -> 3.6666667 | G6: =Evaluacion!V8 -> 4 | H6: =Evaluacion!W8 -> 3.8666667 | I6: =Evaluacion!X8 -> Nivel destacado
A7: =Evaluacion!A9 -> Piero Añanca | B7: =Evaluacion!B9 -> Arquitectura | C7: =Evaluacion!R9 -> 4.3333333 | D7: =Evaluacion!S9 -> 3 | E7: =Evaluacion!T9 -> 3.3333333 | F7: =Evaluacion!U9 -> 3.3333333 | G7: =Evaluacion!V9 -> 3.3333333 | H7: =Evaluacion!W9 -> 3.4666667 | I7: =Evaluacion!X9 -> Nivel esperado
A8: =Evaluacion!A10 -> Tiffany Ollero | B8: =Evaluacion!B10 -> Arquitectura | C8: =Evaluacion!R10 -> 4.3333333 | D8: =Evaluacion!S10 -> 3.3333333 | E8: =Evaluacion!T10 -> 3 | F8: =Evaluacion!U10 -> 3.3333333 | G8: =Evaluacion!V10 -> 3.6666667 | H8: =Evaluacion!W10 -> 3.5333333 | I8: =Evaluacion!X10 -> Nivel destacado
A9: =Evaluacion!A11 -> Lizeth Arevalo | B9: =Evaluacion!B11 -> Arquitectura | C9: =Evaluacion!R11 -> 3.6666667 | D9: =Evaluacion!S11 -> 2.6666667 | E9: =Evaluacion!T11 -> 3.6666667 | F9: =Evaluacion!U11 -> 3 | G9: =Evaluacion!V11 -> 3.3333333 | H9: =Evaluacion!W11 -> 3.2666667 | I9: =Evaluacion!X11 -> Nivel esperado
A10: =Evaluacion!A12 -> Jhon Rojas | B10: =Evaluacion!B12 -> Ejecutivo comercial | C10: =Evaluacion!R12 -> 3.6666667 | D10: =Evaluacion!S12 -> 4 | E10: =Evaluacion!T12 -> 3 | F10: =Evaluacion!U12 -> 3.3333333 | G10: =Evaluacion!V12 -> 3.6666667 | H10: =Evaluacion!W12 -> 3.5333333 | I10: =Evaluacion!X12 -> Nivel destacado
A11: =Evaluacion!A13 -> Hugo Escobar | B11: =Evaluacion!B13 -> Ejecutivo comercial | C11: =Evaluacion!R13 -> 3.3333333 | D11: =Evaluacion!S13 -> 3.3333333 | E11: =Evaluacion!T13 -> 3 | F11: =Evaluacion!U13 -> 2.6666667 | G11: =Evaluacion!V13 -> 3.6666667 | H11: =Evaluacion!W13 -> 3.2 | I11: =Evaluacion!X13 -> Nivel esperado
A12: =Evaluacion!A14 -> Victor Ramirez | B12: =Evaluacion!B14 -> Ejecutivo comercial | C12: =Evaluacion!R14 -> 3.3333333 | D12: =Evaluacion!S14 -> 4 | E12: =Evaluacion!T14 -> 2.6666667 | F12: =Evaluacion!U14 -> 2.6666667 | G12: =Evaluacion!V14 -> 3.6666667 | H12: =Evaluacion!W14 -> 3.2666667 | I12: =Evaluacion!X14 -> Nivel esperado
A14: PROMEDIO EQUIPO | C14: =AVERAGE(C4:C12) -> 3.8888889 | D14: =AVERAGE(D4:D12) -> 3.5555556 | E14: =AVERAGE(E4:E12) -> 3.4444444 | F14: =AVERAGE(F4:F12) -> 3.4444444 | G14: =AVERAGE(G4:G12) -> 3.7777778 | H14: =AVERAGE(H4:H12) -> 3.6222222

Sheet Guia
A1: GUIA DE USO - FICHA DE JUGADOR
A3: Escala | B3: Interpretacion
A4: 1 | B4: Requiere desarrollar - necesita acompañamiento frecuente.
A5: 2 | B5: En desarrollo - demuestra la capacidad de forma parcial o inconsistente.
A6: 3 | B6: Nivel esperado - cumple adecuadamente con lo esperado para su rol.
A7: 4 | B7: Nivel destacado - demuestra la capacidad con consistencia y por encima de lo esperado.
A8: 5 | B8: Fortaleza consolidada - es una capacidad claramente desarrollada y referente para otros.
A11: Como usar
A12: 1. En la hoja Evaluacion, ingresa una nota del 1 al 5 en cada criterio.
A13: 2. Las 5 dimensiones se calculan automaticamente como promedio de sus 3 criterios.
A14: 3. El Puntaje final es el promedio simple de las 5 dimensiones.
A15: 4. La hoja Resultados consolida automaticamente las puntuaciones de todo el equipo.
A16: 5. Usa la escala como referencia comun y evita comparar personas solo por una diferencia decimal.
